id,images,category,created_date
77,images/amazon.jpg,ad,2022-06-11 21:21:56
76,images/fridge.jpg,ad,2022-06-11 21:12:41
75,images/medical-devices-2.jpg,ad,2022-06-11 20:56:28
74,images/w-accessories.jpg,ad,2022-06-11 19:10:39
73,images/access-cover-3_2rzc048.jpg,access,2022-06-11 19:09:25
72,images/access-cover-2_Za2w5Om.jpg,access,2022-06-11 19:09:17
71,images/access-cover-1_bO6G0U5.png,access,2022-06-11 19:09:07
70,images/mob.jpg,ad,2022-06-11 17:57:20
69,images/25.jpg,ad,2022-06-11 16:11:21
68,images/logo.png,logo,2022-06-09 14:46:31
65,images/mn_2.png,featur_midical,2022-06-05 11:11:57
64,images/f5.png,featur_property,2022-06-05 11:11:45
63,images/f6.png,featur_property,2022-06-05 11:11:31
62,images/f7.png,featur_property,2022-06-05 11:11:22
61,images/f8.png,featur_property,2022-06-05 11:10:32
60,images/f11.png,featur_mobile,2022-06-05 11:09:48
59,images/download_15.png,featur_access,2022-06-05 11:09:32
58,images/download_16.png,featur_access,2022-06-05 11:09:04
55,images/images_19.png,featur_access,2022-06-05 11:07:00
54,images/images_20.png,featur_access,2022-06-05 11:06:31
53,images/en_1.png,featur_electron,2022-06-04 21:26:18
52,images/en_2.png,featur_electron,2022-06-04 21:26:11
51,images/en_3.png,featur_electron,2022-06-04 21:26:01
50,images/en_4.png,featur_electron,2022-06-04 21:25:39
49,images/f9.png,featur_mobile,2022-06-04 21:15:32
48,images/f10.png,featur_mobile,2022-06-04 21:15:23
47,images/f12.png,featur_mobile,2022-06-04 21:15:04
46,images/fn_1.png,featur_furniture,2022-06-04 21:14:55
45,images/fn_2.png,featur_furniture,2022-06-04 21:14:48
44,images/fn_3.png,featur_furniture,2022-06-04 21:14:37
43,images/fn_4.png,featur_furniture,2022-06-04 21:13:48
42,images/mn_1.png,featur_midical,2022-06-04 21:13:34
41,images/mn_3.png,featur_midical,2022-06-04 21:13:21
40,images/mn_4.png,featur_midical,2022-06-04 21:13:13
39,images/n_1.png,featur_car,2022-06-04 21:13:07
38,images/n_2.png,featur_car,2022-06-04 21:12:59
37,images/n_3.png,featur_car,2022-06-04 21:12:43
36,images/n_4.png,featur_car,2022-06-04 21:12:35
35,images/arc-cover-1.png,property,2022-06-04 21:03:22
34,images/arc-cover-2.jpg,property,2022-06-04 21:03:14
33,images/arc-cover-3.jpg,property,2022-06-04 21:01:36
31,images/car-cover.png,car,2022-06-04 21:00:36
30,images/car-cover-2.png,car,2022-06-04 21:00:27
29,images/car-cover-3.png,car,2022-06-04 21:00:14
28,images/electronics-cover-1.png,electron,2022-06-04 21:00:06
27,images/electronics-cover-2.jpg,electron,2022-06-04 20:59:57
26,images/electronics-cover-3.jpg,electron,2022-06-04 20:59:47
25,images/frn-cover-1.png,furniture,2022-06-04 20:59:40
24,images/frn-cover-2.jpg,furniture,2022-06-04 20:59:34
23,images/frn-cover-3.jpg,furniture,2022-06-04 20:59:27
22,images/medical-cover-1.png,midical,2022-06-04 20:59:19
21,images/medical-cover-2.jpg,midical,2022-06-04 20:59:10
20,images/medical-cover-3.jpg,midical,2022-06-04 20:59:03
19,images/mobile-cover-1.png,mobile,2022-06-04 20:58:57
15,images/nc-unsplas-1.png,general,2022-06-04 20:33:15
14,images/nc-unsplas-2.png,general,2022-06-04 20:33:10
13,images/nc-unsplas-3.png,general,2022-06-04 20:32:05
5,images/3-arc.png,ad,2022-06-04 11:38:29
4,images/3.jpg,ad,2022-06-04 11:35:44
3,images/1.jpg,ad,2022-06-04 11:11:20
1,images/3-car.png,ad,2022-06-07 19:26:32
